Name,Identifier,SEDOL,Weight,Coupon,Par Value,Market Value,Notional Value,Maturity,Asset Breakdown,Number of Contracts,Date,Source_Identifier
FEDERAL HOME LOAN MORTGAGE CORPORATION 5 05/01/2055,US3132DWPR87,-,6.935389,5,6727166.32,6700691.183216,-,05/01/2055,Non-AOS,-,12/15/2025,PRIV
TREASURY NOTE 3.875 06/30/2030,US91282CNK35,-,6.784735,3.875,6397000.0,6555135.230652,-,06/30/2030,Non-AOS,-,12/15/2025,PRIV
TREASURY NOTE 4.625 02/15/2035,US91282CMM00,-,5.638706,4.625,5172000.0,5447889.377609,-,02/15/2035,Non-AOS,-,12/15/2025,PRIV
ONSLOW BAY FINANCIAL LLC OBX_25-NQM5 5.524 03/25/2065,US67121EAA01,-,3.955638,5.524,3784744.7145,3821776.633264,-,03/25/2065,Non-AOS,-,12/15/2025,PRIV
A&D MTG TR ADMT_25-NQM4 5.225 10/25/2070,US002941AA06,-,3.598025,5.225,3473111.906866,3476266.1871,-,10/25/2070,Non-AOS,-,12/15/2025,PRIV
FEDERAL HOME LOAN MORTGAGE CORPORATION 5 07/01/2055,US31427N5X32,-,3.028592,5,2927202.03,2926102.703015,-,07/01/2055,Non-AOS,-,12/15/2025,PRIV
FEDERAL NATIONAL MORTGAGE ASSOCIATION 5.5 02/01/2055,US3140W0VA03,-,2.800552,5.5,2669398.92,2705779.861281,-,02/01/2055,Non-AOS,-,12/15/2025,PRIV
FEDERAL HOME LOAN MORTGAGE CORPORATION 2.5 05/01/2051,US3133KL2T37,-,2.389767,2.5,2730992.28,2308896.182075,-,05/01/2051,Non-AOS,-,12/15/2025,PRIV
TREASURY BOND (OLD) 4.75 08/15/2055,US912810UM89,-,2.095573,4.75,2026000.0,2024657.334565,-,08/15/2055,Non-AOS,-,12/15/2025,PRIV
EUR/USD  03/09/2026,BGE6XWC4R,-,2.067044,-,2014361.070488,1997094.300216,-,03/09/2026,Non-AOS,-,12/15/2025,PRIV
FEDERAL HOME LOAN MORTGAGE CORPORATION 2 12/01/2051,US31427N4V84,-,1.861762,2,2216837.014,1798758.795225,-,12/01/2051,Non-AOS,-,12/15/2025,PRIV
TREASURY BOND 4.625 02/15/2055,US912810UG12,-,1.807143,4.625,1784000.0,1745988.098696,-,02/15/2055,Non-AOS,-,12/15/2025,PRIV
AP CHIA ISSUER LLC 7.25 05/23/2050,BGE6D05R7,-,1.793257,7.25,1685688.62,1732571.834744,-,05/23/2050,AOS Corporate Finance,-,12/15/2025,PRIV
AGL ENERGY LTD 7.91 12/08/2035,BGE5WRKR2,-,1.683111,7.91,1400000.0,1626153.277778,-,12/08/2035,AOS Corporate Finance,-,12/15/2025,PRIV
AP GRANGE HOLDINGS LLC 6.5 03/20/2045,US00187RAA32,-,1.569085,6.5,1400000.0,1515986.111111,-,03/20/2045,AOS Corporate Finance,-,12/15/2025,PRIV
AP FIDES HOLDINGS I LLC 6 11/30/2048,BGE63EY54,-,1.517862,6,1193067.9552,1466496.760508,-,11/30/2048,AOS Corporate Finance,-,12/15/2025,PRIV
STATE STR INSTI US GOVT CL INST,US8574927062,-,1.452232,-,1403087.63,1403087.63,-,-,Non-AOS,-,12/15/2025,PRIV
PK ALIFT LOAN FUNDING 3 LP PKAIR_24-1 7.492 09/15/2039,US69291VAE48,-,1.398008,7.492,1302741.527414,1350698.96044,-,09/15/2039,AOS Asset Backed Finance,-,12/15/2025,PRIV
RCKT MORTGAGE TRUST RCKT_24-CES3 7.009 05/25/2044,US74942AAE38,-,1.157881,7.009,1100000.0,1118697.384444,-,05/25/2044,AOS Asset Backed Finance,-,12/15/2025,PRIV
NETAPP INC 5.5 03/17/2032,US64110DAM65,-,1.073839,5.5,987000.0,1037499.306667,-,03/17/2032,Non-AOS,-,12/15/2025,PRIV
ARCREN_25-FL18 6.25184 01/20/2043,US03881KAE38,-,1.038928,6.25184,1000000.0,1003770.555556,-,01/20/2043,AOS Asset Backed Finance,-,12/15/2025,PRIV
LUXURY LEASE PARTNERS AUTO LEASE TRUST LLP_25 5.51 03/15/2032,US55069BAA52,-,1.037597,5.51,1000000.0,1002484.0,-,03/15/2032,AOS Asset Backed Finance,-,12/15/2025,PRIV
GREYSTONE COMMERCIAL REAL ESTATE NOTES LTD GSTNE_25-HC4 5.99012 10/15/2042,US39809NAC48,-,1.037591,5.99012,1000000.0,1002478.413333,-,10/15/2042,AOS Asset Backed Finance,-,12/15/2025,PRIV
MARITIME PARTNERS LLC MP_25-1A 5.547 11/15/2065,US553427AB18,-,1.0316,5.547,997386.809336,996689.735695,-,11/15/2065,AOS Asset Backed Finance,-,12/15/2025,PRIV
BANK_22-BNK41 3.9162 04/15/2065,US06540MBH79,-,0.988437,3.9162,1000000.0,954987.39,-,04/15/2065,Non-AOS,-,12/15/2025,PRIV
BANK BANK_20-BNK25 2.841 01/15/2063,US06539WBE57,-,0.955122,2.841,1000000.0,922800.033333,-,01/15/2063,Non-AOS,-,12/15/2025,PRIV
BOEING CO 6.298 05/01/2029,US097023DQ55,-,0.954465,6.298,863000.0,922165.170444,-,05/01/2029,Non-AOS,-,12/15/2025,PRIV
JBS USA HOLDING LUX SARL 5.95 04/20/2035,US472140AA00,-,0.932486,5.95,852000.0,900930.596667,-,04/20/2035,Non-AOS,-,12/15/2025,PRIV
SYNOPSYS INC 5.15 04/01/2035,US871607AE70,-,0.927316,5.15,875000.0,895935.347222,-,04/01/2035,Non-AOS,-,12/15/2025,PRIV
NISOURCE INC. 5.75 07/15/2056,US65473PAY16,-,0.907992,5.75,863000.0,877264.910556,-,07/15/2056,Non-AOS,-,12/15/2025,PRIV
FISERV INC 3.2 07/01/2026,US337738AT51,-,0.901881,3.2,863000.0,871360.552222,-,07/01/2026,Non-AOS,-,12/15/2025,PRIV
AP ORYX HOLDINGS LLC 6.1 09/08/2043,US03744AAA07,-,0.823153,6.1,774814.243128,795297.31855,-,09/08/2043,AOS Corporate Finance,-,12/15/2025,PRIV
ARCELORMITTAL SA 6 06/17/2034,US03938LBG86,-,0.802456,6,702000.0,775300.5,-,06/17/2034,Non-AOS,-,12/15/2025,PRIV
MORGAN STANLEY PRIVATE BANK NA 4.734 07/18/2031,US61776NVG59,-,0.796966,4.734,746000.0,769995.836,-,07/18/2031,Non-AOS,-,12/15/2025,PRIV
RCKT MORTGAGE TRUST RCKT_24-CES9 6.279 12/25/2044,US749426AJ15,-,0.786471,6.279,750000.0,759856.15,-,12/25/2044,AOS Asset Backed Finance,-,12/15/2025,PRIV
PK ALIFT LOAN FUNDING PKAIR_25-2 6.012 03/15/2043,US69291NAE22,-,0.756243,6.012,733496.380625,730651.074815,-,03/15/2043,AOS Asset Backed Finance,-,12/15/2025,PRIV
BP CAPITAL MARKETS AMERICA INC 5.227 11/17/2034,US10373QCA67,-,0.749002,5.227,698000.0,723655.300222,-,11/17/2034,Non-AOS,-,12/15/2025,PRIV
VERUS SECURITIZATION TRUST VERUS_24-1 6.668 01/25/2069,US92540EAD58,-,0.732211,6.668,700000.0,707432.327778,-,01/25/2069,AOS Asset Backed Finance,-,12/15/2025,PRIV
ROBLOX CORP (PRE-REINCORPORATION) 3.875 05/01/2030,US771049AA15,-,0.68542,3.875,690000.0,662224.816667,-,05/01/2030,Non-AOS,-,12/15/2025,PRIV
ASCENT EDUCATION FUNDING TRUST ASCNT_24-A 8.01 10/25/2050,US04362VAC90,-,0.631429,8.01,595000.0,610060.9375,-,10/25/2050,AOS Asset Backed Finance,-,12/15/2025,PRIV
APTIV IRISH HOLDINGS LTD 5.15 09/13/2034,US03837AAB61,-,0.589339,5.15,558000.0,569394.98,-,09/13/2034,Non-AOS,-,12/15/2025,PRIV
CHURCH & DWIGHT CO INC 5.6 11/15/2032,US17136MAC64,-,0.569541,5.6,517000.0,550267.226667,-,11/15/2032,Non-AOS,-,12/15/2025,PRIV
HCA INC 5.5 03/01/2032,US404119DA49,-,0.543482,5.5,496000.0,525089.848889,-,03/01/2032,Non-AOS,-,12/15/2025,PRIV
M&T BK CORP 5.385 01/16/2036,US55261FAV67,-,0.53525,5.385,498000.0,517137.1025,-,01/16/2036,Non-AOS,-,12/15/2025,PRIV
MFA TRUST MFRA_25-NQM1 6.288 03/25/2070,US55287JAD81,-,0.525462,6.288,500000.0,507680.116667,-,03/25/2070,AOS Asset Backed Finance,-,12/15/2025,PRIV
RR LTD RRAM_20-12A 6.90454 01/15/2036,US74989HAU68,-,0.524217,6.90454,500000.0,506477.679722,-,01/15/2036,AOS Asset Backed Finance,-,12/15/2025,PRIV
MICRON TECHNOLOGY INC 5.875 09/15/2033,US595112CB74,-,0.522498,5.875,469000.0,504816.3575,-,09/15/2033,Non-AOS,-,12/15/2025,PRIV
MF1 MULTIFAMILY HOUSING MORTGAGE LOAN TRUST MF1_24-FL14 7.24796 03/19/2039,US55416AAG40,-,0.520516,7.24796,500000.0,502901.818889,-,03/19/2039,AOS Asset Backed Finance,-,12/15/2025,PRIV
PFP LTD PFP_24-11 6.96159 09/19/2039,US69291WAG78,-,0.505134,6.96159,487812.3035,488040.389899,-,09/19/2039,AOS Asset Backed Finance,-,12/15/2025,PRIV
SANDS CHINA LTD 5.4 08/08/2028,US80007RAE53,-,0.500091,5.4,466000.0,483167.44,-,08/08/2028,Non-AOS,-,12/15/2025,PRIV
COREBRIDGE FINANCIAL INC 3.9 04/05/2032,US21871XAH26,-,0.474264,3.9,480000.0,458214.4,-,04/05/2032,Non-AOS,-,12/15/2025,PRIV
OVINTIV INC 6.25 07/15/2033,US69047QAC69,-,0.425756,6.25,379000.0,411348.281667,-,07/15/2033,Non-AOS,-,12/15/2025,PRIV
GILEAD SCIENCES INC 5.1 06/15/2035,US375558CC55,-,0.423744,5.1,400000.0,409404.0,-,06/15/2035,Non-AOS,-,12/15/2025,PRIV
RAD CLO LTD RAD_24-25A 7.03444 07/20/2037,US75009GAJ67,-,0.41954,7.03444,400000.0,405342.584889,-,07/20/2037,AOS Asset Backed Finance,-,12/15/2025,PRIV
PFIZER INC 4.75 05/19/2033,US716973AE24,-,0.418481,4.75,399000.0,404318.891667,-,05/19/2033,Non-AOS,-,12/15/2025,PRIV
VERISK ANALYTICS INC 5.25 06/05/2034,US92345YAJ55,-,0.408167,5.25,385000.0,394354.858333,-,06/05/2034,Non-AOS,-,12/15/2025,PRIV
OREILLY AUTOMOTIVE INC 5 08/19/2034,US67103HAN70,-,0.393358,5,372000.0,380046.773333,-,08/19/2034,Non-AOS,-,12/15/2025,PRIV
LEIDOS INC 5.4 03/15/2032,US52532XAK19,-,0.385906,5.4,354000.0,372846.96,-,03/15/2032,Non-AOS,-,12/15/2025,PRIV
CAMPBELLS CO 5.4 03/21/2034,US134429BP34,-,0.381455,5.4,358000.0,368546.68,-,03/21/2034,Non-AOS,-,12/15/2025,PRIV
DIAMONDBACK ENERGY INC 5.4 04/18/2034,US25278XAZ24,-,0.380756,5.4,357000.0,367870.65,-,04/18/2034,Non-AOS,-,12/15/2025,PRIV
AP HERMES HOLDINGS I LLC 6.25 07/25/2048,BGE63G8S8,-,0.379207,6.25,297407.7525,366374.575953,-,07/25/2048,AOS Corporate Finance,-,12/15/2025,PRIV
ABBVIE INC 4.95 03/15/2031,US00287YDT38,-,0.373269,4.95,345000.0,360637.125,-,03/15/2031,Non-AOS,-,12/15/2025,PRIV
HONEYWELL INTERNATIONAL INC (DELAWARE) 5 03/01/2035,US438516CS39,-,0.371418,5,348000.0,358848.706667,-,03/01/2035,Non-AOS,-,12/15/2025,PRIV
HOWMET AEROSPACE INC 4.85 10/15/2031,US443201AC21,-,0.368769,4.85,345000.0,356289.55,-,10/15/2031,Non-AOS,-,12/15/2025,PRIV
GLENCORE FUNDING LLC 5.634 04/04/2034,US378272BU12,-,0.359263,5.634,329000.0,347105.3635,-,04/04/2034,Non-AOS,-,12/15/2025,PRIV
CHARLES SCHWAB CORP 4 02/01/2029,US808513AZ88,-,0.346172,4,329000.0,334457.744444,-,02/01/2029,Non-AOS,-,12/15/2025,PRIV
ARTHUR J GALLAGHER & CO 5 02/15/2032,US04316JAM18,-,0.339417,5,316000.0,327931.106667,-,02/15/2032,Non-AOS,-,12/15/2025,PRIV
NYMT LOAN TRUST NYMT_25-CP1 3.75 11/25/2069,US67121VAB09,-,0.338353,3.75,350000.0,326902.566667,-,11/25/2069,AOS Asset Backed Finance,-,12/15/2025,PRIV
WELLS FARGO & COMPANY 5.211 12/03/2035,US95000U3N13,-,0.331945,5.211,313000.0,320711.381,-,12/03/2035,Non-AOS,-,12/15/2025,PRIV
MSCI INC 4 11/15/2029,US55354GAH39,-,0.328793,4,324000.0,317666.88,-,11/15/2029,Non-AOS,-,12/15/2025,PRIV
USD CASH,-,-,0.323824,-,312865.34,312865.34,-,-,Non-AOS,-,12/15/2025,PRIV
CHARTER COMMUNICATIONS OPERATING 6.65 02/01/2034,US161175CP73,-,0.316191,6.65,284000.0,305491.068889,-,02/01/2034,Non-AOS,-,12/15/2025,PRIV
ONEOK INC 5.05 11/01/2034,US682680CE12,-,0.312713,5.05,304000.0,302131.075556,-,11/01/2034,Non-AOS,-,12/15/2025,PRIV
PHILIP MORRIS INTERNATIONAL INC 4.9 11/01/2034,US718172DQ97,-,0.306102,4.9,292000.0,295743.115556,-,11/01/2034,Non-AOS,-,12/15/2025,PRIV
IMPERIAL BRANDS FINANCE PLC 5.5 02/01/2030,US45262BAG86,-,0.28197,5.5,258000.0,272427.933333,-,02/01/2030,Non-AOS,-,12/15/2025,PRIV
ARES CAPITAL CORPORATION 5.875 03/01/2029,US04010LBF94,-,0.279385,5.875,259000.0,269930.375556,-,03/01/2029,Non-AOS,-,12/15/2025,PRIV
AERCAP IRELAND CAPITAL DAC 5.375 12/15/2031,US00774MBP95,-,0.279205,5.375,261000.0,269756.55,-,12/15/2031,Non-AOS,-,12/15/2025,PRIV
PACIFIC GAS & ELECTRIC UTILITIES 5.55 05/15/2029,US694308KQ98,-,0.278527,5.55,260000.0,269101.3,-,05/15/2029,Non-AOS,-,12/15/2025,PRIV
AMERICAN ELECTRIC POWER COMPANY INC. 5.625 03/01/2033,US025537AX91,-,0.275814,5.625,250000.0,266480.0,-,03/01/2033,Non-AOS,-,12/15/2025,PRIV
AT&T INC 2.55 12/01/2033,US00206RMM15,-,0.269325,2.55,306000.0,260210.67,-,12/01/2033,Non-AOS,-,12/15/2025,PRIV
US BANCORP 5.424 02/12/2036,US91159HJU59,-,0.260654,5.424,238000.0,251833.036,-,02/12/2036,Non-AOS,-,12/15/2025,PRIV
HALEON US CAPITAL LLC 3.625 03/24/2032,US36264FAM32,-,0.260247,3.625,263000.0,251440.16375,-,03/24/2032,Non-AOS,-,12/15/2025,PRIV
VERUS SECURITIZATION TRUST VERUS_23-2 7.42204 03/26/2068,US92539DAD03,-,0.260025,7.42204,250000.0,251225.295833,-,03/26/2068,AOS Asset Backed Finance,-,12/15/2025,PRIV
AMGEN INC 5.25 03/02/2033,US031162DR88,-,0.259245,5.25,239000.0,250472.199167,-,03/02/2033,Non-AOS,-,12/15/2025,PRIV
DUKE ENERGY CORP 2.45 06/01/2030,US26441CBH79,-,0.256775,2.45,268000.0,248085.664444,-,06/01/2030,Non-AOS,-,12/15/2025,PRIV
US BANCORP 4.967 07/22/2033,US91159HJG65,-,0.251247,4.967,237000.0,242744.886583,-,07/22/2033,Non-AOS,-,12/15/2025,PRIV
JM SMUCKER CO 2.125 03/15/2032,US832696AU25,-,0.236321,2.125,263000.0,228324.1075,-,03/15/2032,Non-AOS,-,12/15/2025,PRIV
DEUTSCHE TELEKOM INTERNATIONAL FINANCE BV 4.75 06/21/2038,US25156PBC68,-,0.235574,4.75,231000.0,227601.605,-,06/21/2038,Non-AOS,-,12/15/2025,PRIV
RTX CORP 6.1 03/15/2034,US75513ECW93,-,0.235429,6.1,205000.0,227461.85,-,03/15/2034,Non-AOS,-,12/15/2025,PRIV
ALPHABET INC 4.1 11/15/2030,US02079KAW71,-,0.234409,4.1,225000.0,226476.375,-,11/15/2030,Non-AOS,-,12/15/2025,PRIV
MORGAN STANLEY 5.587 01/18/2036,US61748UAF93,-,0.228869,5.587,207000.0,221124.35175,-,01/18/2036,Non-AOS,-,12/15/2025,PRIV
JPMORGAN CHASE & CO 5.502 01/24/2036,US46647PEW23,-,0.228774,5.502,207000.0,221032.116,-,01/24/2036,Non-AOS,-,12/15/2025,PRIV
US BANCORP 5.1 07/23/2030,US91159HJS04,-,0.224829,5.1,207000.0,217220.97,-,07/23/2030,Non-AOS,-,12/15/2025,PRIV
MARVELL TECHNOLOGY INC 5.95 09/15/2033,US573874AQ74,-,0.22234,5.95,199000.0,214815.525,-,09/15/2033,Non-AOS,-,12/15/2025,PRIV
CARRIER GLOBAL CORP 5.9 03/15/2034,US14448CBC73,-,0.221466,5.9,197000.0,213971.55,-,03/15/2034,Non-AOS,-,12/15/2025,PRIV
BLACKSTONE PRIVATE CREDIT FUND 6 01/29/2032,US09261HBX44,-,0.217589,6,203000.0,210226.123333,-,01/29/2032,Non-AOS,-,12/15/2025,PRIV
GEORGIA POWER COMPANY 4.55 03/15/2030,US373334KY63,-,0.211504,4.55,199000.0,204346.135,-,03/15/2030,Non-AOS,-,12/15/2025,PRIV
NRG ENERGY INC 4.734 10/15/2030,US629377DA71,-,0.19952,4.734,192000.0,192768.096,-,10/15/2030,Non-AOS,-,12/15/2025,PRIV
ENTERPRISE PRODUCTS OPERATING LLC 4.85 01/31/2034,US29379VCF85,-,0.19682,4.85,185000.0,190159.1875,-,01/31/2034,Non-AOS,-,12/15/2025,PRIV
ELI LILLY AND COMPANY 4.9 02/12/2032,US532457CW67,-,0.194706,4.9,179000.0,188116.768333,-,02/12/2032,Non-AOS,-,12/15/2025,PRIV
BARCLAYS PLC 5.335 09/10/2035,US06738ECV56,-,0.19065,5.335,179000.0,184197.886528,-,09/10/2035,Non-AOS,-,12/15/2025,PRIV
JM SMUCKER CO 4.25 03/15/2035,US832696AM09,-,0.190127,4.25,193000.0,183692.575,-,03/15/2035,Non-AOS,-,12/15/2025,PRIV
ATHENE HOLDING LTD (PRE-REINCORPORATION) 6.65 02/01/2033,US04686JAF84,-,0.179884,6.65,157000.0,173796.296111,-,02/01/2033,Non-AOS,-,12/15/2025,PRIV
ANHEUSER-BUSCH INBEV WORLDWIDE INC 5 06/15/2034,US03523TBY38,-,0.178377,5,167000.0,172340.66,-,06/15/2034,Non-AOS,-,12/15/2025,PRIV
FIRSTENERGY TRANSMISSION LLC 4.55 01/15/2030,US33767BAG41,-,0.178316,4.55,168000.0,172282.04,-,01/15/2030,Non-AOS,-,12/15/2025,PRIV
GE HEALTHCARE TECHNOLOGIES INC 5.905 11/22/2032,US36267VAK98,-,0.177075,5.905,159000.0,171082.829583,-,11/22/2032,Non-AOS,-,12/15/2025,PRIV
ANHEUSER-BUSCH INBEV WORLDWIDE INC 3.5 06/01/2030,US035240AV25,-,0.174852,3.5,173000.0,168934.692222,-,06/01/2030,Non-AOS,-,12/15/2025,PRIV
BAT CAPITAL CORP 6 02/20/2034,US05526DBZ78,-,0.174405,6,155000.0,168503.083333,-,02/20/2034,Non-AOS,-,12/15/2025,PRIV
EXELON CORPORATION 4.05 04/15/2030,US30161NAX93,-,0.16997,4.05,165000.0,164217.9,-,04/15/2030,Non-AOS,-,12/15/2025,PRIV
ENERGY TRANSFER OPERATING LP 3.75 05/15/2030,US29278NAQ60,-,0.169672,3.75,168000.0,163930.2,-,05/15/2030,Non-AOS,-,12/15/2025,PRIV
BANK ONE CORPORATION 8.75 09/01/2030,US06423AAJ25,-,0.169428,8.75,136000.0,163694.737778,-,09/01/2030,Non-AOS,-,12/15/2025,PRIV
ALLY FINANCIAL INC 5.543 01/17/2031,US02005NBW92,-,0.16842,5.543,156000.0,162720.150667,-,01/17/2031,Non-AOS,-,12/15/2025,PRIV
Digital Rlty 3.6 07/01/2029,US25389JAU07,-,0.164538,3.6,160000.0,158969.6,-,07/01/2029,Non-AOS,-,12/15/2025,PRIV
UBS AG (LONDON BRANCH) 5.65 09/11/2028,US902674ZW39,-,0.164337,5.65,150000.0,158775.416667,-,09/11/2028,Non-AOS,-,12/15/2025,PRIV
ESSEX PORTFOLIO LP 3 01/15/2030,US29717PAU12,-,0.164052,3,165000.0,158500.65,-,01/15/2030,Non-AOS,-,12/15/2025,PRIV
UDR INC 3.2 01/15/2030,US90265EAQ35,-,0.162901,3.2,162000.0,157388.4,-,01/15/2030,Non-AOS,-,12/15/2025,PRIV
DAIMLER TRUCK FINANCE NORTH AMERICA LLC 5.375 06/25/2034,US233853BA77,-,0.16195,5.375,150000.0,156469.791667,-,06/25/2034,Non-AOS,-,12/15/2025,PRIV
BARCLAYS PLC 5.086 02/25/2029,US06738ECX13,-,0.160407,5.086,150000.0,154978.583333,-,02/25/2029,Non-AOS,-,12/15/2025,PRIV
WILLIAMS COMPANIES INC 5.6 03/15/2035,US969457CP37,-,0.157791,5.6,145000.0,152451.55,-,03/15/2035,Non-AOS,-,12/15/2025,PRIV
MSCI INC 5.25 09/01/2035,US55354GAR11,-,0.156811,5.25,148000.0,151504.763333,-,09/01/2035,Non-AOS,-,12/15/2025,PRIV
GOLDMAN SACHS GROUP INC/THE 5.207 01/28/2031,US38141GC365,-,0.155743,5.207,143000.0,150472.540472,-,01/28/2031,Non-AOS,-,12/15/2025,PRIV
IBM INTERNATIONAL CAPITAL PTE LTD 4.6 02/05/2027,US449276AB03,-,0.155699,4.6,147000.0,150429.673333,-,02/05/2027,Non-AOS,-,12/15/2025,PRIV
DIAGEO CAPITAL PLC 3.875 05/18/2028,US25243YAZ25,-,0.155412,3.875,150000.0,150152.4375,-,05/18/2028,Non-AOS,-,12/15/2025,PRIV
EXPEDIA GROUP INC 2.95 03/15/2031,US30212PBH73,-,0.153967,2.95,159000.0,148756.425,-,03/15/2031,Non-AOS,-,12/15/2025,PRIV
INTEL CORP 4.15 08/05/2032,US458140CA64,-,0.153791,4.15,152000.0,148587.008889,-,08/05/2032,Non-AOS,-,12/15/2025,PRIV
HSBC HOLDINGS PLC 3.973 05/22/2030,US404280CC17,-,0.153693,3.973,150000.0,148492.245833,-,05/22/2030,Non-AOS,-,12/15/2025,PRIV
COPT DEFENSE PROPERTIES LP 2.75 04/15/2031,US22003BAM81,-,0.151305,2.75,160000.0,146184.533333,-,04/15/2031,Non-AOS,-,12/15/2025,PRIV
CVS HEALTH CORP 5.55 06/01/2031,US126650EC08,-,0.147493,5.55,136000.0,142501.933333,-,06/01/2031,Non-AOS,-,12/15/2025,PRIV
SANTANDER HOLDINGS USA INC 6.565 06/12/2029,US80282KBG04,-,0.147235,6.565,136000.0,142252.883333,-,06/12/2029,Non-AOS,-,12/15/2025,PRIV
OHIO POWER CO 5.65 06/01/2034,US677415CW95,-,0.146508,5.65,136000.0,141549.782222,-,06/01/2034,Non-AOS,-,12/15/2025,PRIV
M&T BK CORP 5.053 01/27/2034,US55261FAR55,-,0.144215,5.053,136000.0,139334.697333,-,01/27/2034,Non-AOS,-,12/15/2025,PRIV
AUTONATION INC 5.89 03/15/2035,05329WAT9,-,0.143403,5.89,132000.0,138550.5,-,03/15/2035,Non-AOS,-,12/15/2025,PRIV
DUKE ENERGY OHIO INC 5.25 04/01/2033,US26442EAJ91,-,0.138592,5.25,128000.0,133902.293333,-,04/01/2033,Non-AOS,-,12/15/2025,PRIV
AT&T INC 5.375 08/15/2035,US00206RMY52,-,0.131616,5.375,121000.0,127162.126667,-,08/15/2035,Non-AOS,-,12/15/2025,PRIV
BOEING CO 2.95 02/01/2030,US097023CN34,-,0.128625,2.95,130000.0,124272.272222,-,02/01/2030,Non-AOS,-,12/15/2025,PRIV
BECTON DICKINSON AND COMPANY 1.957 02/11/2031,US075887CL11,-,0.125822,1.957,136000.0,121563.705778,-,02/11/2031,Non-AOS,-,12/15/2025,PRIV
CGI INC 4.95 03/14/2030,US12532HAK05,-,0.124026,4.95,117000.0,119829.3525,-,03/14/2030,Non-AOS,-,12/15/2025,PRIV
TAKE TWO INTERACTIVE SOFTWARE INC 4 04/14/2032,US874054AH20,-,0.122017,4,121000.0,117887.611111,-,04/14/2032,Non-AOS,-,12/15/2025,PRIV
CITIZENS FINANCIAL GROUP INC 2.638 09/30/2032,US174610AW56,-,0.121813,2.638,136000.0,117691.113333,-,09/30/2032,Non-AOS,-,12/15/2025,PRIV
BOEING CO 3.25 02/01/2035,US097023CP81,-,0.119042,3.25,130000.0,115013.238889,-,02/01/2035,Non-AOS,-,12/15/2025,PRIV
SNSTR_25-A 6.19 06/21/2055,US86805VAA52,-,0.114878,6.19,108711.138032,110990.626995,-,06/21/2055,AOS Asset Backed Finance,-,12/15/2025,PRIV
PACIFIC GAS AND ELECTRIC COMPANY 4.2 03/01/2029,US694308KB20,-,0.112125,4.2,108000.0,108330.84,-,03/01/2029,Non-AOS,-,12/15/2025,PRIV
BANCO SANTANDER SA 6.921 08/08/2033,US05964HAV78,-,0.111416,6.921,95000.0,107645.99625,-,08/08/2033,Non-AOS,-,12/15/2025,PRIV
ELEVANCE HEALTH INC 5.5 10/15/2032,US036752AW30,-,0.108386,5.5,99000.0,104717.91,-,10/15/2032,Non-AOS,-,12/15/2025,PRIV
DICKS SPORTING GOODS INC 3.15 01/15/2032,US253393AF94,-,0.108015,3.15,112000.0,104359.92,-,01/15/2032,Non-AOS,-,12/15/2025,PRIV
AUTONATION INC 3.85 03/01/2032,US05329RAA14,-,0.106917,3.85,109000.0,103298.792329,-,03/01/2032,Non-AOS,-,12/15/2025,PRIV
UNITEDHEALTH GROUP INC 4.8 01/15/2030,US91324PFG28,-,0.106872,4.8,99000.0,103255.02,-,01/15/2030,Non-AOS,-,12/15/2025,PRIV
LKQ CORP 6.25 06/15/2033,US501889AF63,-,0.103888,6.25,94000.0,100372.26,-,06/15/2033,Non-AOS,-,12/15/2025,PRIV
NRG ENERGY INC 5.407 10/15/2035,US629377DB54,-,0.1029,5.407,99000.0,99418.07975,-,10/15/2035,Non-AOS,-,12/15/2025,PRIV
ARES CAPITAL CORPORATION 2.875 06/15/2028,US04010LBB80,-,0.102788,2.875,104000.0,99309.6,-,06/15/2028,Non-AOS,-,12/15/2025,PRIV
BANK OF AMERICA CORP 3.194 07/23/2030,US06051GHV41,-,0.102147,3.194,101000.0,98689.984111,-,07/23/2030,Non-AOS,-,12/15/2025,PRIV
LINCOLN NATIONAL CORPORATION 5.852 03/15/2034,US534187BT58,-,0.102001,5.852,93000.0,98549.31,-,03/15/2034,Non-AOS,-,12/15/2025,PRIV
CVS HEALTH CORP 4.875 07/20/2035,US126650CM08,-,0.099453,4.875,96000.0,96087.88,-,07/20/2035,Non-AOS,-,12/15/2025,PRIV
ROYAL CARIBBEAN CRUISES LTD 5.375 01/15/2036,US78017TAB98,-,0.095581,5.375,91000.0,92346.673611,-,01/15/2036,Non-AOS,-,12/15/2025,PRIV
AP GRANGE HLDS DEFERRED INT ONLY,BGE64MUB6,-,0.09208,6.5,87619.11,88963.819952,-,03/20/2045,AOS Corporate Finance,-,12/15/2025,PRIV
EUR CASH,-,-,0.091967,-,88854.430788,88854.430788,-,-,Non-AOS,-,12/15/2025,PRIV
HCA INC 3.125 03/15/2027,US404119CH01,-,0.088627,3.125,86000.0,85627.835,-,03/15/2027,Non-AOS,-,12/15/2025,PRIV
ENTERPRISE PRODUCTS OPERATING LLC 5.35 01/31/2033,US29379VCD38,-,0.085878,5.35,78000.0,82971.915,-,01/31/2033,Non-AOS,-,12/15/2025,PRIV
OWENS CORNING 3.95 08/15/2029,US690742AJ00,-,0.084085,3.95,81000.0,81239.49,-,08/15/2029,Non-AOS,-,12/15/2025,PRIV
MARSH & MCLENNAN COMPANIES INC 4.65 03/15/2030,US571748CA86,-,0.079968,4.65,75000.0,77261.625,-,03/15/2030,Non-AOS,-,12/15/2025,PRIV
BLACKROCK FINANCE INC 4.75 05/25/2033,US09247XAT81,-,0.079436,4.75,75000.0,76747.416667,-,05/25/2033,Non-AOS,-,12/15/2025,PRIV
UNITEDHEALTH GROUP INC 5.3 06/15/2035,US91324PFQ00,-,0.076057,5.3,71000.0,73482.87,-,06/15/2035,Non-AOS,-,12/15/2025,PRIV
GOLDMAN SACHS GROUP INC/THE 5.536 01/28/2036,US38141GC449,-,0.073405,5.536,67000.0,70921.346222,-,01/28/2036,Non-AOS,-,12/15/2025,PRIV
T-MOBILE USA INC 4.7 01/15/2035,US87264ADM45,-,0.073376,4.7,71000.0,70893.026667,-,01/15/2035,Non-AOS,-,12/15/2025,PRIV
META PLATFORMS INC 4.6 11/15/2032,US30303MAC64,-,0.07104,4.6,68000.0,68636.253333,-,11/15/2032,Non-AOS,-,12/15/2025,PRIV
META PLATFORMS INC 4.2 11/15/2030,US30303MAB81,-,0.066548,4.2,64000.0,64295.68,-,11/15/2030,Non-AOS,-,12/15/2025,PRIV
AUTOZONE INC 6.55 11/01/2033,US053332BH40,-,0.062503,6.55,54000.0,60387.96,-,11/01/2033,Non-AOS,-,12/15/2025,PRIV
BANK OF AMERICA CORP 4.623 05/09/2029,US06051GMT30,-,0.060033,4.623,57000.0,58001.661,-,05/09/2029,Non-AOS,-,12/15/2025,PRIV
GEORGIA POWER COMPANY 4.7 05/15/2032,US373334KQ30,-,0.059917,4.7,57000.0,57889.01,-,05/15/2032,Non-AOS,-,12/15/2025,PRIV
JPMORGAN CHASE & CO 4.565 06/14/2030,US46647PDF09,-,0.059658,4.565,57000.0,57639.357917,-,06/14/2030,Non-AOS,-,12/15/2025,PRIV
CARLISLE CO INC 5.55 09/15/2040,US142339AM22,-,0.059397,5.55,56000.0,57386.513333,-,09/15/2040,Non-AOS,-,12/15/2025,PRIV
GENERAL MOTORS CO 5 04/01/2035,US37045VAH33,-,0.057393,5,56000.0,55450.515556,-,04/01/2035,Non-AOS,-,12/15/2025,PRIV
WORKDAY INC 3.8 04/01/2032,US98138HAJ05,-,0.055721,3.8,56000.0,53835.102222,-,04/01/2032,Non-AOS,-,12/15/2025,PRIV
INTEL CORP 1.6 08/12/2028,US458140BT64,-,0.055542,1.6,57000.0,53662.46,-,08/12/2028,Non-AOS,-,12/15/2025,PRIV
ATHENE GLOBAL FUNDING 5.583 01/09/2029,US04685A3Q28,-,0.05539,5.583,51000.0,53515.473,-,01/09/2029,Non-AOS,-,12/15/2025,PRIV
INGERSOLL RAND INC 5.45 06/15/2034,US45687VAF31,-,0.050534,5.45,47000.0,48823.6,-,06/15/2034,Non-AOS,-,12/15/2025,PRIV
ABBVIE INC 4.3 05/14/2036,US00287YAV11,-,0.047786,4.3,48000.0,46168.933333,-,05/14/2036,Non-AOS,-,12/15/2025,PRIV
HCA INC 5.75 03/01/2035,404119DB2,-,0.038578,5.75,35000.0,37272.238889,-,03/01/2035,Non-AOS,-,12/15/2025,PRIV
BANK OF AMERICA CORP 5.511 01/24/2036,US06051GMM86,-,0.03749,5.511,34000.0,36221.3815,-,01/24/2036,Non-AOS,-,12/15/2025,PRIV
APPLE INC 4.75 05/12/2035,US037833FB15,-,0.030804,4.75,29000.0,29761.950833,-,05/12/2035,Non-AOS,-,12/15/2025,PRIV
PFIZER INC 4 12/15/2036,US717081EC37,-,0.029976,4,31000.0,28961.44,-,12/15/2036,Non-AOS,-,12/15/2025,PRIV
CARLISLE CO INC 5.25 09/15/2035,US142339AN05,-,0.020286,5.25,19000.0,19599.465833,-,09/15/2035,Non-AOS,-,12/15/2025,PRIV
US 5YR NOTE MAR 26,-,-,0.0,-,15200000.0,0.0,16595312.5,-,Non-AOS,152,12/15/2025,PRIV
US ULTRA T-BOND MAR 26,-,-,0.0,-,1900000.0,0.0,2233687.5,-,Non-AOS,19,12/15/2025,PRIV
EUR/USD  03/09/2026,BGE6XWC4P,-,-2.082746,-,-1718570.95,-2012264.445494,-,03/09/2026,Non-AOS,-,12/15/2025,PRIV
